id,x,y
IMG4287_3,-0.14547333121299744,-63.657447814941406
IMG4288_5,60.700538635253906,-39.960235595703125
IMG4289_5,54.534141540527344,-39.269676208496094
IMG4290_4,-31.309309005737305,-4.49491548538208
IMG4291_5,-63.16786193847656,86.23657989501953
IMG4292_3,32.95266342163086,-18.981670379638672
IMG4293_3,-42.469581604003906,-6.763749122619629
IMG4294_1,27.996109008789062,-28.91368865966797
IMG4295_1,24.396991729736328,-20.48187828063965
IMG4296_1,-213.70933532714844,39.78446960449219
IMG4297_4,28.975290298461914,-75.98373413085938
IMG4298_1,26.16949462890625,-2.055415153503418
IMG4299_3,-22.48101234436035,9.748519897460938
IMG4300_5,43.070735931396484,-23.066896438598633
IMG4301_3,20.60103988647461,-71.69950866699219
IMG4302_2,35.920989990234375,-22.61307144165039
IMG4303_2,40.64823532104492,-45.30763244628906
IMG4304_5,21.018991470336914,19.31752586364746
IMG4305_5,0.6822425127029419,3.3346638679504395
IMG4306_4,55.98313903808594,-45.3277587890625
IMG4307_4,9.91773796081543,-36.351356506347656
IMG4308_3,49.25445556640625,-34.793575286865234
IMG4309_1,-60.740936279296875,36.70671081542969
IMG4310_4,-42.23851776123047,25.229755401611328
IMG4311_4,6.537752151489258,-17.723278045654297
IMG4312_2,44.24728775024414,-6.6254987716674805
IMG4313_3,-18.977741241455078,36.44107437133789
IMG4314_5,-103.84651184082031,91.71839904785156
IMG4315_5,14.479190826416016,12.505025863647461
IMG4316_2,-82.40449523925781,67.99066162109375
IMG4317_2,-18.271392822265625,16.360694885253906
IMG4318_2,56.58469009399414,-23.82581329345703
IMG4319_2,-98.12289428710938,54.368770599365234
IMG4320_2,45.47711944580078,-42.572330474853516
IMG4321_5,33.34442901611328,-3.0892858505249023
IMG4322_4,-56.10794448852539,44.88429641723633
IMG4323_2,51.206336975097656,-40.38633346557617
IMG4324_5,11.42729377746582,37.013938903808594
IMG4325_4,-118.04755401611328,116.84489440917969
IMG4326_5,28.082725524902344,3.696331024169922
IMG4327_4,11.459697723388672,31.266746520996094
IMG4328_4,-60.544281005859375,29.041996002197266
IMG4329_1,-8.100581169128418,18.48257064819336
IMG4330_4,27.50189781188965,-11.162849426269531
IMG4331_2,27.94333267211914,-13.968381881713867
IMG4332_3,66.5803451538086,-64.82778930664062
IMG4333_2,7.066864013671875,20.876325607299805
IMG4334_3,75.12459564208984,-29.52849006652832
IMG4335_4,55.609413146972656,-29.931550979614258
IMG4336_4,33.523651123046875,-23.084232330322266
IMG4337_2,30.424278259277344,-8.17021369934082
IMG4338_3,20.270479202270508,-79.76482391357422
IMG4339_5,-10.304149627685547,11.957146644592285
IMG4340_4,65.50715637207031,-39.58378601074219
IMG4341_5,22.56123924255371,-28.115619659423828
IMG4342_5,60.639808654785156,-72.59371948242188
IMG4343_5,-1.387027621269226,15.735597610473633
IMG4344_5,23.90195655822754,0.419796884059906
IMG4345_3,61.156654357910156,-50.71223449707031
IMG4346_3,41.838134765625,-26.747949600219727
IMG4347_5,-16.27306365966797,34.465023040771484
IMG4348_5,53.104251861572266,10.126086235046387
IMG4349_5,14.183990478515625,6.386009216308594
IMG4350_2,-99.45924377441406,109.20294189453125
IMG4351_1,-134.72743225097656,88.77024841308594
IMG4352_4,28.76837158203125,9.544081687927246
IMG4353_3,-5.39162540435791,-21.053991317749023
IMG4354_3,2.1506264209747314,4.8924150466918945
IMG4355_2,26.65519905090332,15.623455047607422
IMG4356_2,11.954671859741211,-82.4762954711914
IMG4357_5,-63.60139846801758,58.5137825012207
IMG4358_2,37.20793151855469,-13.754223823547363
IMG4359_3,-30.909561157226562,23.17169189453125
IMG4360_4,-39.16185760498047,13.827962875366211
IMG4361_4,2.589198350906372,-56.05261993408203
IMG4362_2,35.45549774169922,-35.205787658691406
IMG4363_2,14.120019912719727,-11.098251342773438
IMG4364_1,81.80682373046875,-63.586280822753906
IMG4365_4,58.42561721801758,-27.4794864654541
IMG4366_1,64.97932434082031,-64.1195068359375
IMG4367_1,71.83375549316406,-61.51642990112305
IMG4368_2,31.323802947998047,-34.16876220703125
IMG4369_4,27.565418243408203,-30.144136428833008
IMG4370_4,-45.127159118652344,38.88430404663086
IMG4371_1,-0.12661156058311462,-16.588340759277344
IMG4372_3,-121.20870971679688,125.46418762207031
IMG4373_1,15.025825500488281,-9.744427680969238
IMG4374_3,-18.636005401611328,19.81113624572754
IMG4375_3,25.3228759765625,-6.823235034942627
IMG4376_2,-19.58484649658203,8.311464309692383
IMG4377_1,67.62103271484375,-13.451900482177734
IMG4378_3,53.87898254394531,-34.73667907714844
IMG4379_2,-5.0079851150512695,13.845220565795898
IMG4380_4,69.07797241210938,-65.62565612792969
IMG4381_5,32.759918212890625,-36.42786407470703
IMG4382_4,49.19621658325195,-36.53120422363281
IMG4383_3,-22.209386825561523,47.12528991699219
IMG4384_3,-30.424903869628906,34.27234649658203
IMG4385_4,18.31165313720703,-13.576152801513672
IMG4386_3,75.56742095947266,6.093324661254883
IMG4387_1,-73.2939682006836,50.345001220703125
IMG4388_5,-24.714401245117188,50.770912170410156
IMG4389_5,26.69095230102539,-34.693077087402344
IMG4390_3,33.53298568725586,10.648296356201172
IMG4391_5,17.8466796875,10.327083587646484
IMG4392_1,-52.25022888183594,14.059650421142578
IMG4393_4,40.98031234741211,-48.36293411254883
IMG4394_4,-79.21699523925781,28.284696578979492
IMG4395_4,43.61045837402344,-21.1634578704834
IMG4396_3,-12.197683334350586,14.676362991333008
IMG4397_4,-23.868488311767578,26.354700088500977
IMG4398_3,37.69915771484375,-46.418861389160156
IMG4399_1,52.97776412963867,-24.672182083129883
IMG4400_5,-109.91334533691406,94.71220397949219
IMG4401_4,64.65408325195312,-30.09258460998535
IMG4402_3,-0.05205044150352478,25.828475952148438
IMG4403_4,27.950960159301758,-25.69931983947754
IMG4404_2,22.692489624023438,-15.115273475646973
IMG4405_4,-208.4224853515625,118.24069213867188
IMG4406_2,63.441402435302734,-1.639291763305664
IMG4407_1,11.969728469848633,43.068138122558594
IMG4408_4,30.51421546936035,3.820977210998535
IMG4409_2,33.082923889160156,-37.59063720703125
IMG4410_1,9.223533630371094,-28.78651237487793
IMG4411_5,34.62762451171875,-22.912477493286133
IMG4412_2,35.5219612121582,31.009794235229492
IMG4413_4,1.7692328691482544,26.472692489624023
IMG4414_2,-49.6692008972168,24.347198486328125
IMG4415_2,-56.859920501708984,18.558481216430664
IMG4416_5,27.08795166015625,-16.744094848632812
IMG4417_4,-29.564170837402344,-3.7236404418945312
IMG4418_5,-13.366950988769531,10.328435897827148
IMG4419_3,30.874263763427734,-43.130210876464844
IMG4420_1,39.666439056396484,-23.26123809814453
IMG4421_1,46.82274627685547,15.525060653686523
IMG4422_2,-33.0960807800293,25.0791015625
IMG4423_4,-113.65191650390625,159.16160583496094
IMG4424_2,61.8902473449707,-45.38356018066406
IMG4425_3,59.029151916503906,-49.48480224609375
IMG4426_5,-32.0430793762207,40.87794494628906
IMG4427_3,-77.37334442138672,89.83175659179688
IMG4428_5,-24.883258819580078,-99.43067932128906
IMG4429_2,20.50021743774414,-20.6878604888916
IMG4430_4,37.793548583984375,-5.230330467224121
IMG4431_1,13.469079971313477,-24.841463088989258
IMG4432_3,3.6266396045684814,-0.6709890961647034
IMG4433_5,-64.93801879882812,-59.19016647338867
IMG4434_3,8.833889961242676,-7.350126266479492
IMG4435_5,80.2568588256836,-76.56776428222656
IMG4436_5,56.60698699951172,-19.590593338012695
IMG4437_3,-31.713420867919922,65.41262817382812
IMG4438_2,18.885295867919922,-49.38735580444336
IMG4439_4,20.136716842651367,20.293386459350586
IMG4440_4,-92.4194107055664,113.08494567871094
IMG4441_3,7.787782192230225,34.19865798950195
IMG4442_5,66.36563110351562,-44.35326385498047
IMG4443_4,48.696285247802734,-43.87504577636719
IMG4444_5,-105.013671875,36.90961456298828
IMG4445_3,-25.713163375854492,-3.61232328414917
IMG4446_5,22.893089294433594,22.748937606811523
IMG4447_4,29.475963592529297,-22.629438400268555
IMG4448_3,-140.03211975097656,23.66382598876953
IMG4449_3,15.217550277709961,19.316505432128906
IMG4450_3,-32.29291534423828,9.154390335083008
IMG4451_2,24.105087280273438,1.5740032196044922
IMG4452_1,3.945204019546509,-84.31278991699219
IMG4453_2,-94.69929504394531,106.59413146972656
IMG4454_2,-66.22188568115234,65.86930847167969
IMG4455_3,35.15208435058594,-25.53093910217285
IMG4456_2,27.515810012817383,-27.907371520996094
IMG4457_3,8.575552940368652,16.190027236938477
IMG4458_1,-47.65734100341797,56.029605865478516
IMG4459_3,-64.73108673095703,57.37665557861328
IMG4460_1,34.4398078918457,-5.493265151977539
IMG4461_3,17.781522750854492,7.09393310546875
IMG4462_3,26.802921295166016,-23.72423553466797
IMG4463_1,35.582420349121094,-43.74375534057617
IMG4464_3,-18.95806312561035,4.671140670776367
IMG4465_3,-26.780776977539062,7.4280314445495605
IMG4466_1,39.94894027709961,-17.732215881347656
IMG4467_4,57.90631866455078,-28.783327102661133
IMG4468_3,-59.41916275024414,46.47270202636719
IMG4469_4,-42.545196533203125,56.480995178222656
IMG4470_1,67.99716186523438,-42.2221565246582
IMG4471_5,81.01228332519531,-59.37578582763672
IMG4472_2,-17.136680603027344,43.18907165527344
IMG4473_1,4.040683746337891,-4.339607238769531
IMG4474_4,63.30550003051758,-24.601625442504883
IMG4475_4,-115.51587677001953,132.2181396484375
IMG4476_4,37.6963005065918,-31.463886260986328
IMG4477_2,-84.42913818359375,56.38290786743164
IMG4478_2,-22.198692321777344,69.55400848388672
IMG4479_5,-153.6078338623047,103.0777816772461
IMG4480_2,-42.24729919433594,-0.6218867897987366
IMG4481_2,39.88432312011719,-16.23172378540039
IMG4482_3,-16.554353713989258,79.57611846923828
IMG4483_1,-8.01484489440918,-46.68939971923828
IMG4484_2,70.26441192626953,-64.7405014038086
IMG4485_3,19.673885345458984,8.41927719116211
IMG4486_2,-47.34809494018555,-8.118205070495605
IMG4487_4,111.35617065429688,-59.1052360534668
IMG4488_4,-1.7533339262008667,-1.0665855407714844
IMG4489_5,33.57133483886719,-21.84332847595215
IMG4490_1,7.357397079467773,52.44598388671875
IMG4491_3,-4.225713729858398,49.25367736816406
IMG4492_4,38.1060905456543,-58.4390754699707
IMG4493_3,19.657543182373047,17.84766960144043
IMG4494_5,5.930554389953613,-90.680419921875
IMG4495_2,-16.681318283081055,23.338167190551758
IMG4496_5,-60.872310638427734,52.43433380126953
IMG4497_1,-84.2561264038086,90.38003540039062
IMG4498_3,8.456061363220215,-25.847200393676758
IMG4499_3,25.17717742919922,-37.60997772216797
IMG4500_3,11.57686996459961,15.636702537536621
IMG4501_5,2.602750062942505,-61.51585388183594
IMG4502_2,48.43508529663086,-46.049129486083984
IMG4503_3,29.142566680908203,-6.551565647125244
IMG4504_3,33.981353759765625,-36.92704391479492
IMG4505_4,-11.660924911499023,-43.09834671020508
IMG4506_4,-115.98698425292969,77.62975311279297
IMG4507_3,31.732358932495117,-10.610685348510742
IMG4508_2,-1.0010970830917358,-70.6190185546875
IMG4509_2,44.72737121582031,-11.623607635498047
IMG4510_5,22.533607482910156,-7.15244197845459
IMG4511_3,44.59344482421875,-34.55880355834961
IMG4512_2,-156.4602508544922,78.60479736328125
IMG4513_1,-59.145931243896484,14.398943901062012
IMG4514_2,60.86689758300781,-24.653648376464844
IMG4515_1,-33.76588439941406,71.52877807617188
IMG4516_2,-0.31637701392173767,54.62093734741211
IMG4517_2,40.31572723388672,-38.167388916015625
IMG4518_2,-15.84029483795166,3.132314682006836
IMG4519_5,29.251720428466797,-32.829864501953125
IMG4520_5,-108.5930404663086,85.11552429199219
IMG4521_2,48.50273513793945,-52.002933502197266
IMG4522_4,90.83712768554688,-93.57591247558594
IMG4523_2,12.867535591125488,-27.533353805541992
IMG4524_2,-112.86632537841797,96.5643310546875
IMG4525_3,34.033504486083984,-37.367828369140625
IMG4526_5,8.388736724853516,-18.48747444152832
IMG4527_3,14.054856300354004,1.006047248840332
IMG4528_4,77.97791290283203,-78.22313690185547
IMG4529_2,64.59831237792969,-45.14109420776367
IMG4530_3,-1.0575145483016968,12.718779563903809
IMG4531_1,-120.33364868164062,84.71001434326172
IMG4532_4,53.96112060546875,-23.350120544433594
IMG4533_3,43.62808609008789,-24.389230728149414
IMG4534_5,87.68131256103516,-25.21559715270996
IMG4535_3,-23.81997299194336,37.39889907836914
IMG4536_5,36.64556121826172,-68.0445556640625
IMG4537_2,48.21466064453125,-28.487688064575195
IMG4538_4,54.86872863769531,-19.65013313293457
IMG4539_1,36.49772262573242,-8.666093826293945
IMG4540_3,-12.123780250549316,-19.878908157348633
IMG4541_3,-29.204715728759766,6.522247314453125
IMG4542_1,41.79299545288086,-26.04539680480957
IMG4543_1,-94.32276153564453,87.94065856933594
IMG4544_3,-104.87474060058594,22.283845901489258
IMG4545_5,32.4663200378418,-55.996742248535156
IMG4546_1,45.06433868408203,-41.83314514160156
IMG4547_5,30.54818344116211,-32.449005126953125
IMG4548_5,26.806438446044922,-12.921521186828613
IMG4549_1,29.251930236816406,-17.39613151550293
IMG4550_4,-131.77413940429688,132.50430297851562
IMG4551_4,-40.48041534423828,24.848331451416016
IMG4552_2,0.7157412767410278,-26.052898406982422
IMG4553_1,51.56012725830078,-24.782827377319336
IMG4554_5,-104.07533264160156,105.53346252441406
IMG4555_5,-26.56731414794922,-5.332242965698242
IMG4556_3,-6.2773332595825195,1.9921338558197021
IMG4557_2,-83.30138397216797,90.57904052734375
IMG4558_2,9.124056816101074,11.745931625366211
IMG4559_4,-237.95957946777344,139.96734619140625
IMG4560_2,20.423471450805664,-3.4078125953674316
IMG4561_4,27.845077514648438,20.523679733276367
IMG4562_5,-5.9630537033081055,-0.24335770308971405
IMG4563_1,-165.74342346191406,122.10726928710938
IMG4564_5,13.383190155029297,19.72272300720215
IMG4565_4,-60.83538055419922,36.866127014160156
IMG4566_3,51.474735260009766,-22.132638931274414
IMG4567_1,-69.86470794677734,76.75768280029297
IMG4568_2,-31.578990936279297,13.927033424377441
IMG4569_3,-51.322044372558594,32.235435485839844
IMG4570_1,-51.63239669799805,71.15032196044922
IMG4571_4,-64.31654357910156,28.34455108642578
IMG4572_1,-63.885780334472656,17.442852020263672
IMG4573_5,30.81790542602539,15.579263687133789
IMG4574_2,46.50784683227539,-44.63428497314453
IMG4575_1,17.712202072143555,73.22793579101562
IMG4576_2,64.59321594238281,-50.588539123535156
IMG4577_3,-61.198516845703125,55.117103576660156
IMG4578_3,-2.0750081539154053,34.99688720703125
IMG4579_4,46.35598373413086,-10.50437068939209
IMG4580_1,-5.21157693862915,43.51797103881836
IMG4581_2,-17.299219131469727,40.35292434692383
IMG4582_5,-45.60460662841797,-9.376063346862793
IMG4583_1,-32.47509002685547,64.80825805664062
IMG4584_2,73.92536163330078,-12.805004119873047
IMG4585_5,-52.693359375,5.573123931884766
IMG4586_3,-37.32466125488281,53.06108093261719
IMG4587_4,-10.535136222839355,11.08146858215332
IMG4588_4,14.498266220092773,2.2347564697265625
IMG4589_3,41.79275894165039,-35.4447021484375
IMG4590_1,20.442943572998047,-48.83954620361328
IMG4591_1,62.110897064208984,-7.305763244628906
IMG4592_5,19.341562271118164,-13.930245399475098
IMG4593_4,34.23495101928711,-1.5331344604492188
IMG4594_4,-55.89745330810547,24.59170913696289
IMG4595_1,48.15601348876953,-61.651824951171875
IMG4596_4,26.114269256591797,-3.110304594039917
IMG4597_4,0.1055995523929596,-6.144247055053711
IMG4598_3,-196.50486755371094,197.7110595703125
IMG4599_1,28.68179702758789,-33.548606872558594
IMG4600_5,78.38375854492188,-28.171850204467773
IMG4601_1,44.01744842529297,-18.64385414123535
IMG4602_4,-48.94881820678711,29.35837745666504
IMG4603_2,-4.415658950805664,-56.3189697265625
IMG4604_5,49.942718505859375,-10.338582992553711
IMG4605_2,-136.73265075683594,96.17521667480469
IMG4606_3,-94.79972839355469,67.99333953857422
IMG4607_2,66.94856262207031,-8.642735481262207
IMG4608_5,52.741146087646484,-30.293607711791992
IMG4609_3,-9.164144515991211,-10.17138671875
IMG4610_1,-45.02025604248047,46.44482421875
IMG4611_5,-76.48309326171875,73.84748077392578
IMG4612_3,-93.89195251464844,-14.844436645507812
IMG4613_3,43.86111831665039,14.810712814331055
IMG4614_4,41.09801483154297,-7.319463729858398
IMG4615_1,49.39228057861328,-42.338008880615234
IMG4616_5,-38.65037155151367,9.153101921081543
IMG4617_2,7.503413200378418,-51.448150634765625
IMG4618_5,-109.34979248046875,77.68107604980469
IMG4619_5,37.21930694580078,-60.52662658691406
IMG4620_1,39.10619354248047,-26.87226676940918
IMG4621_1,24.602378845214844,29.540544509887695
IMG4622_1,13.583374977111816,-19.87970733642578
IMG4623_2,53.55361557006836,-12.762582778930664
IMG4624_4,35.86845779418945,16.465499877929688
IMG4625_2,-140.4220733642578,80.07403564453125
IMG4626_3,11.06393814086914,16.44133949279785
IMG4627_3,-18.307178497314453,14.08836841583252
IMG4628_2,41.30816650390625,-17.41868782043457
IMG4629_3,-60.51091384887695,34.036521911621094
IMG4630_1,-60.147090911865234,40.14399719238281
IMG4631_2,45.25978088378906,10.137994766235352
IMG4632_2,31.51224136352539,6.0574798583984375
IMG4633_3,4.4566497802734375,-46.473121643066406
IMG4634_3,2.0625622272491455,-3.595010757446289
IMG4635_3,-76.82323455810547,56.81505584716797
IMG4636_3,79.69869232177734,-38.33440399169922
IMG4637_1,19.987545013427734,20.196895599365234
IMG4638_3,-58.752838134765625,42.33447265625
IMG4639_2,-87.2923812866211,64.14051818847656
IMG4640_2,-69.88336181640625,53.839874267578125
IMG4641_2,44.900726318359375,10.843039512634277
IMG4642_4,51.00399398803711,-28.39180564880371
IMG4643_2,-141.31497192382812,81.68578338623047
IMG4644_5,32.15592956542969,17.98469352722168
IMG4645_4,27.229089736938477,-11.277236938476562
IMG4646_2,-68.83306121826172,28.522266387939453
IMG4647_4,18.2721004486084,-4.752443313598633
IMG4648_2,43.71410369873047,-3.0227432250976562
IMG4649_1,91.33136749267578,-61.244503021240234
IMG4650_4,24.6229248046875,-8.353229522705078
IMG4651_3,51.80401611328125,-8.394377708435059
IMG4652_1,33.65184020996094,-24.54487419128418
IMG4653_3,25.30573272705078,10.89830493927002
IMG4654_4,36.85687255859375,21.825918197631836
IMG4655_3,47.19985580444336,24.74187660217285
IMG4656_2,30.262523651123047,-20.676515579223633
IMG4657_5,4.065417289733887,7.500261306762695
IMG4658_4,42.708892822265625,-44.097415924072266
IMG4659_2,41.19908142089844,-3.2690629959106445
IMG4660_5,-34.45052719116211,-9.07304573059082
IMG4661_3,-55.039852142333984,25.201810836791992
IMG4662_2,48.219451904296875,15.027188301086426
IMG4663_2,27.741687774658203,-7.480795860290527
IMG4664_3,-15.394164085388184,26.32023811340332
IMG4665_4,12.118760108947754,-16.695974349975586
IMG4666_2,46.15690612792969,-50.230934143066406
IMG4667_1,53.221954345703125,1.5124197006225586
IMG4668_4,41.358726501464844,-3.5778133869171143
IMG4669_2,32.01388168334961,-43.74482727050781
IMG4670_3,9.838375091552734,19.65345573425293
IMG4671_4,-148.1265411376953,16.847827911376953
IMG4672_2,15.825798988342285,6.617279529571533
IMG4673_1,-76.0487289428711,82.27175903320312
IMG4674_3,43.788002014160156,-24.98763084411621
IMG4675_2,80.01947021484375,-43.53985595703125
IMG4676_2,36.807308197021484,13.408915519714355
IMG4677_2,-103.09918212890625,103.45034790039062
IMG4678_1,-72.61236572265625,27.769439697265625
IMG4679_2,49.424827575683594,-18.485326766967773
IMG4680_1,-37.92774200439453,10.516374588012695
IMG4681_4,67.61089324951172,8.37710189819336
IMG4682_2,26.232891082763672,26.988744735717773
IMG4683_4,23.592742919921875,0.9908666014671326
IMG4684_1,-37.95774841308594,14.929064750671387
IMG4685_2,-31.677200317382812,22.0311222076416
IMG4686_1,53.20892333984375,-58.72498321533203
IMG4687_3,4.122896671295166,22.35698127746582
IMG4688_2,-113.0667724609375,103.35401916503906
IMG4689_4,-64.21781921386719,54.974945068359375
IMG4690_3,4.121189117431641,16.306447982788086
IMG4691_2,48.96584701538086,-23.50191879272461
IMG4692_1,-58.50265884399414,35.67390441894531
IMG4693_5,-129.31082153320312,35.610382080078125
IMG4694_2,64.88743591308594,-25.711782455444336
IMG4695_1,9.80678653717041,3.683295249938965
IMG4696_1,30.443559646606445,-10.799386978149414
IMG4697_2,36.5863151550293,-5.608722686767578
IMG4698_4,23.576515197753906,-65.22001647949219
IMG4699_1,67.68399047851562,-38.247859954833984
IMG4700_5,-1.0666292905807495,-56.07830810546875
IMG4701_4,-19.11978530883789,9.390237808227539
IMG4702_4,44.36524963378906,-47.40765380859375
IMG4703_1,26.253101348876953,-23.3396053314209
IMG4704_3,-34.82655334472656,26.20296287536621
IMG4705_4,-86.84521484375,13.666647911071777
IMG4706_5,45.404075622558594,-38.855133056640625
IMG4707_2,1.0289345979690552,-65.66472625732422
IMG4708_1,50.05487823486328,-28.452739715576172
IMG4709_5,-72.08991241455078,21.910463333129883
IMG4710_3,80.5864486694336,-72.86180114746094
IMG4711_4,-26.679441452026367,20.935598373413086
IMG4712_3,5.745125770568848,-45.513160705566406
IMG4713_3,-25.05971908569336,1.7597007751464844
IMG4714_3,4.965948104858398,13.109162330627441
IMG4715_2,-88.26473999023438,84.24068450927734
IMG4716_1,-0.6558641195297241,-1.4213638305664062
IMG4717_4,30.813589096069336,-34.513397216796875
IMG4718_2,47.44502258300781,-17.75721549987793
IMG4719_5,31.220321655273438,-7.744925498962402
IMG4720_1,47.53572082519531,-14.918548583984375
IMG4721_3,3.389478921890259,-49.858489990234375
IMG4722_2,-14.672420501708984,37.41603469848633
IMG4723_1,46.6990966796875,-9.152149200439453
IMG4724_3,84.77084350585938,-97.7276611328125
IMG4725_1,37.567867279052734,-11.801223754882812
IMG4726_2,-44.690452575683594,11.871030807495117
IMG4727_4,-111.62395477294922,151.4359130859375
IMG4728_1,-7.097667694091797,20.852067947387695
IMG4729_4,1.7411071062088013,-16.486116409301758
IMG4730_3,66.17218017578125,-19.599159240722656
IMG4731_2,77.96404266357422,-66.77690124511719
IMG4732_3,14.336308479309082,-19.27779197692871
IMG4733_4,40.13984298706055,15.723958015441895
IMG4734_5,19.69359016418457,-19.28989028930664
IMG4735_3,63.29273223876953,1.6877050399780273
IMG4736_2,-91.66757202148438,61.75816345214844
IMG4737_5,13.569463729858398,-32.289127349853516
IMG4738_2,-49.191986083984375,47.6047477722168
IMG4739_3,-3.677079916000366,-60.26933670043945
IMG4740_1,52.8985481262207,-49.2844352722168
IMG4741_4,20.033098220825195,-16.467565536499023
IMG4742_4,59.70584487915039,-31.92305564880371
IMG4743_5,13.295209884643555,-36.42637634277344
IMG4744_4,26.758895874023438,9.867610931396484
IMG4745_1,-20.820226669311523,4.122659683227539
IMG4746_2,-32.5368766784668,4.321437358856201
IMG4747_2,30.315631866455078,-44.461517333984375
IMG4748_4,61.45478057861328,-53.40360641479492
IMG4749_1,-231.1142578125,-4.670164108276367
IMG4750_3,36.1297607421875,-54.584007263183594
IMG4751_2,7.479450225830078,24.99668312072754
IMG4752_4,43.20984649658203,3.092099666595459
IMG4753_2,81.37741088867188,-53.47658920288086
IMG4754_4,-44.679386138916016,56.824459075927734
IMG4755_2,48.473426818847656,-32.16844940185547
IMG4756_2,0.9604836702346802,-17.303037643432617
IMG4757_3,67.35010528564453,-42.575660705566406
IMG4758_5,28.14809799194336,-48.74991226196289
IMG4759_5,-13.78768539428711,19.580272674560547
IMG4760_2,-47.651004791259766,66.12117767333984
IMG4761_3,3.86242413520813,59.56620788574219
IMG4762_1,-8.193609237670898,59.353248596191406
IMG4763_4,15.929754257202148,-5.255009651184082
IMG4764_4,89.38386535644531,-28.52420997619629
IMG4765_5,22.741825103759766,18.429723739624023
IMG4766_4,46.21849060058594,-60.913692474365234
IMG4767_5,-131.4170684814453,128.45155334472656
IMG4768_2,-141.8411407470703,54.6024169921875
IMG4769_1,-6.661247253417969,11.097711563110352
IMG4770_1,55.540313720703125,-73.80860137939453
IMG4771_4,-27.549983978271484,1.909097671508789
IMG4772_3,-104.15845489501953,83.68763732910156
IMG4773_1,-24.17141342163086,28.592439651489258
IMG4774_2,67.88665008544922,-43.25432586669922
IMG4775_2,40.07322311401367,-80.92073059082031
IMG4776_4,34.849937438964844,-39.648651123046875
IMG4777_2,10.648628234863281,-56.80040740966797
IMG4778_1,-19.42250633239746,59.889190673828125
IMG4779_3,7.603229522705078,5.259420394897461
IMG4780_1,-137.28623962402344,28.24216079711914
IMG4781_1,42.51420593261719,-41.85139846801758
IMG4782_2,16.4866943359375,21.86767578125
IMG4783_2,-1.0522135496139526,41.898651123046875
IMG4784_1,57.91483688354492,-62.95563507080078
IMG4785_2,-70.51402282714844,64.54243469238281
IMG4786_5,-116.69425964355469,55.38347244262695
IMG4787_4,-113.01936340332031,107.04704284667969
IMG4788_2,77.71217346191406,-26.944543838500977
IMG4789_2,40.02821350097656,-54.184146881103516
IMG4790_4,-103.33992004394531,44.04035186767578
IMG4791_5,52.78680419921875,-28.0388126373291
IMG4792_3,-22.05320167541504,11.179330825805664
IMG4793_1,22.44805908203125,-32.1900520324707
IMG4794_4,-50.69483947753906,70.1269760131836
IMG4795_2,24.893840789794922,-21.361907958984375
IMG4796_5,27.472929000854492,-24.911462783813477
IMG4797_4,27.243011474609375,-40.364933013916016
IMG4798_1,42.66313552856445,-26.013582229614258
IMG4799_1,-11.0436372756958,42.88359069824219
IMG4800_3,13.138972282409668,-22.139589309692383
IMG4801_2,64.33042907714844,-28.3597469329834
IMG4802_3,-42.403465270996094,31.759660720825195
IMG4803_5,24.214187622070312,-0.1811390370130539
IMG4804_2,55.69293975830078,7.606536865234375
IMG4805_5,65.53627014160156,-22.83106803894043
IMG4806_1,28.09297752380371,-27.689746856689453
IMG4807_5,-35.5554313659668,31.165964126586914
IMG4808_2,24.342517852783203,28.218772888183594
IMG4809_3,8.744474411010742,10.48391342163086
IMG4810_1,0.7061396837234497,-13.694571495056152
IMG4811_3,4.990813732147217,1.765782356262207
IMG4812_4,19.68080711364746,-17.763338088989258
IMG4813_3,-106.22575378417969,42.881752014160156
IMG4814_1,68.24703979492188,-20.764331817626953
IMG4815_5,-57.550262451171875,5.885302543640137
IMG4816_2,49.34552001953125,-44.477691650390625
IMG4817_5,-14.805381774902344,10.669506072998047
IMG4818_2,15.460583686828613,-17.443527221679688
IMG4819_1,-52.408546447753906,84.63984680175781
IMG4820_4,38.4296989440918,-25.329618453979492
IMG4821_1,17.50728416442871,10.762495040893555
IMG4822_2,43.95344924926758,-50.23187255859375
IMG4823_2,38.293731689453125,-27.497549057006836
IMG4824_1,20.831409454345703,-4.858279228210449
IMG4825_4,-35.25324249267578,13.985100746154785
IMG4826_3,15.576711654663086,-47.71062088012695
IMG4827_2,-4.555487632751465,1.6624813079833984
IMG4828_4,55.501991271972656,-8.395820617675781
IMG4829_4,35.79035949707031,-42.415348052978516
IMG4830_4,17.70447540283203,-1.2683870792388916
IMG4831_1,14.36041259765625,48.42102813720703
IMG4832_4,9.890660285949707,37.169281005859375
IMG4833_5,-0.08287510275840759,25.3680362701416
IMG4834_3,33.17243194580078,6.361398696899414
IMG4835_2,43.036827087402344,-77.221923828125
IMG4836_4,27.83432960510254,-71.35760498046875
IMG4837_2,13.437112808227539,-2.460418701171875
IMG4838_2,61.917667388916016,-10.15488052368164
IMG4839_2,2.2679693698883057,4.72454833984375
IMG4840_2,58.91584777832031,-18.136098861694336
IMG4841_4,-64.57504272460938,41.429744720458984
IMG4842_5,47.149742126464844,-12.68462085723877
IMG4843_1,27.514789581298828,44.58386993408203
IMG4844_4,46.00669860839844,-28.424203872680664
IMG4845_5,-118.79241943359375,153.694091796875
IMG4846_5,52.990570068359375,-36.78400421142578
IMG4847_3,-146.03697204589844,53.95538330078125
IMG4848_2,-8.51183032989502,25.701017379760742
IMG4849_4,-37.316444396972656,11.991968154907227
IMG4850_1,81.95919799804688,-66.80640411376953
IMG4851_4,27.245948791503906,2.1961307525634766
IMG4852_1,71.62797546386719,-24.620498657226562
IMG4853_4,-18.451091766357422,13.388022422790527
IMG4854_1,-71.41755676269531,58.651405334472656
IMG4855_4,30.270980834960938,2.473154067993164
IMG4856_5,-14.418122291564941,-3.523729085922241
IMG4857_4,59.358665466308594,-35.11308670043945
IMG4858_3,-44.96405792236328,28.900365829467773
IMG4859_1,15.606437683105469,-3.9047279357910156
IMG4860_5,-123.88811492919922,106.516357421875
IMG4861_4,48.72722625732422,-7.052515029907227
IMG4862_3,18.80901336669922,10.792572021484375
IMG4863_2,60.86327362060547,-40.59269714355469
IMG4864_5,-153.18853759765625,135.86224365234375
IMG4865_2,20.030258178710938,21.089128494262695
IMG4866_3,31.705673217773438,-3.1817893981933594
IMG4867_5,28.830644607543945,-26.70111846923828
IMG4868_3,21.10378074645996,-14.740750312805176
IMG4869_5,18.429641723632812,8.186633110046387
IMG4870_4,3.9953086376190186,6.088529586791992
IMG4871_1,27.957275390625,-34.00728988647461
IMG4872_1,41.263282775878906,-78.58649444580078
IMG4873_5,-35.382137298583984,37.718475341796875
IMG4874_3,4.83833646774292,11.637689590454102
IMG4875_3,39.171390533447266,-36.67690658569336
IMG4876_3,19.809144973754883,22.659238815307617
IMG4877_5,-68.79927062988281,79.11022186279297
IMG4878_1,34.49649429321289,-34.61137390136719
IMG4879_5,50.872093200683594,-4.799726486206055
IMG4880_1,4.471183776855469,-37.69202423095703
IMG4881_4,38.73632049560547,-13.183792114257812
IMG4882_5,34.71479415893555,36.702903747558594
IMG4883_2,61.124324798583984,-33.3232307434082
IMG4884_1,41.64858627319336,-15.933038711547852
IMG4885_5,39.593605041503906,12.732806205749512
IMG4886_1,-0.4657042920589447,-18.173860549926758
IMG4887_3,43.22493362426758,-44.64118194580078
IMG4888_3,-21.968120574951172,11.09770679473877
IMG4889_5,70.49156951904297,-22.64483070373535
IMG4890_1,20.101520538330078,-27.21021270751953
IMG4891_5,100.40606689453125,19.195781707763672
IMG4892_3,38.398433685302734,28.068994522094727
IMG4893_2,-23.747591018676758,-5.900022506713867
IMG4894_1,39.894168853759766,-24.362138748168945
IMG4895_5,56.21139144897461,-32.11572265625
IMG4896_1,38.43810272216797,-35.455665588378906
IMG4897_1,33.23704528808594,-56.79759216308594
IMG4898_5,-133.99012756347656,85.81167602539062
IMG4899_3,12.992356300354004,-2.299921751022339
IMG4900_4,-122.34327697753906,89.31375122070312
IMG4901_5,21.007883071899414,64.10618591308594
IMG4902_2,-21.316469192504883,52.396427154541016
IMG4903_2,33.46868133544922,-41.738685607910156
IMG4904_4,-23.72255516052246,24.132932662963867
IMG4905_2,-14.623355865478516,66.78097534179688
IMG4906_3,79.91068267822266,-44.59786605834961
IMG4907_3,-37.36147689819336,71.10664367675781
IMG4908_3,-22.666141510009766,-27.343128204345703
IMG4909_5,73.030029296875,-34.9511833190918
IMG4910_2,63.111549377441406,-57.06678771972656
IMG4911_5,-70.07829284667969,89.20943450927734
IMG4912_5,31.398178100585938,-26.817354202270508
IMG4913_3,40.969390869140625,-50.93452072143555
IMG4914_5,19.56060791015625,-11.596909523010254
IMG4915_2,-36.089927673339844,9.742154121398926
IMG4916_3,-167.5498504638672,95.50888061523438
IMG4917_3,21.38539695739746,18.083208084106445
IMG4918_3,20.037004470825195,12.866813659667969
IMG4919_4,47.6973991394043,-14.985825538635254
IMG4920_4,57.096275329589844,-35.643062591552734
IMG4921_1,36.266597747802734,8.389901161193848
IMG4922_4,46.116153717041016,-36.02730178833008
IMG4923_2,-11.750469207763672,42.505619049072266
IMG4924_4,-82.08375549316406,10.441455841064453
IMG4925_5,43.75578308105469,-28.287870407104492
IMG4926_5,39.308074951171875,-5.930181980133057
IMG4927_1,-2.0986337661743164,36.845436096191406
IMG4928_3,0.15253117680549622,-2.425954818725586
IMG4929_5,-61.97314453125,6.286172866821289
IMG4930_4,-12.228355407714844,15.860029220581055
IMG4931_3,-65.83534240722656,93.30333709716797
IMG4932_2,-78.5900650024414,104.7757339477539
IMG4933_3,-21.191539764404297,24.20469093322754
IMG4934_5,-2.4792144298553467,7.956621170043945
IMG4935_4,39.13689041137695,20.560312271118164
IMG4936_5,-137.9408721923828,88.40425109863281
IMG4937_5,69.0189208984375,-8.788290977478027
IMG4938_5,50.63774871826172,-67.87361145019531
IMG4939_1,-49.53158950805664,60.816551208496094
IMG4940_5,-66.312255859375,66.60133361816406
IMG4941_1,-11.118383407592773,-4.631878852844238
IMG4942_4,-19.70337677001953,-4.953080177307129
IMG4943_3,-19.524465560913086,93.77297973632812
IMG4944_1,-8.149521827697754,21.632455825805664
IMG4945_5,-118.33173370361328,98.7932357788086
IMG4946_5,68.93811798095703,-28.032987594604492
IMG4947_3,20.099273681640625,-61.22880172729492
IMG4948_4,39.99961853027344,-37.904422760009766
IMG4949_2,-116.0196533203125,96.68669128417969
IMG4950_2,29.572132110595703,-37.59935760498047
IMG4951_1,15.027399063110352,-4.706640243530273
IMG4952_5,9.84054183959961,-21.72810935974121
IMG4953_3,20.120277404785156,-12.718816757202148
IMG4954_5,-24.554513931274414,40.14503860473633
IMG4955_2,-69.85962677001953,61.26661682128906
IMG4956_4,69.06957244873047,-45.555763244628906
IMG4957_5,25.682748794555664,-56.35218048095703
IMG4958_2,-14.504968643188477,29.552915573120117
IMG4959_1,9.742752075195312,-11.860245704650879
IMG4960_2,-37.75259780883789,39.40805435180664
IMG4961_4,-269.9764099121094,84.27910614013672
IMG4962_4,31.279483795166016,14.435281753540039
IMG4963_3,-4.466427803039551,-48.31140899658203
IMG4964_3,-95.82807922363281,124.563720703125
IMG4965_1,37.883541107177734,0.8028811812400818
IMG4966_3,65.50605010986328,-24.338987350463867
IMG4967_5,-92.55812072753906,85.09176635742188
IMG4968_4,9.006664276123047,-39.17853546142578
IMG4969_4,-109.3333511352539,87.43002319335938
IMG4970_5,44.2056999206543,-5.083217620849609
IMG4971_5,-2.649413824081421,51.39717102050781
IMG4972_4,41.118526458740234,-7.932939529418945
IMG4973_1,72.2482681274414,-47.823646545410156
IMG4974_2,-12.34298038482666,46.979942321777344
IMG4975_3,5.244560241699219,-41.80609130859375
IMG4976_1,13.477133750915527,-20.629819869995117
IMG4977_3,-2.6046454906463623,38.77866744995117
IMG4978_2,30.712087631225586,35.4024658203125
IMG4979_4,-29.058013916015625,-3.927823066711426
IMG4980_5,-63.63084411621094,9.213754653930664
IMG4981_3,4.163034439086914,-0.20090489089488983
IMG4982_5,18.48320198059082,9.985037803649902
IMG4983_2,15.030328750610352,-5.143946647644043
IMG4984_2,32.374725341796875,-0.7167270183563232
IMG4985_4,-71.17835998535156,96.3525390625
IMG4986_3,29.58281707763672,-35.02039337158203
IMG4987_3,-37.76374053955078,39.810325622558594
IMG4988_2,13.416462898254395,-13.77699089050293
IMG4989_4,-91.1636962890625,48.09458923339844
IMG4990_2,-97.56954956054688,71.69551849365234
IMG4991_4,-71.89254760742188,24.306270599365234
IMG4992_5,27.444129943847656,0.4919432997703552
IMG4993_1,46.89966583251953,-53.96169662475586
IMG4994_5,19.490642547607422,-39.22553253173828
IMG4995_2,51.491024017333984,-47.729942321777344
IMG4996_5,-136.3520965576172,140.99208068847656
IMG4997_3,-3.6486332416534424,20.244047164916992
IMG4998_2,38.75462341308594,-22.096059799194336
IMG4999_1,53.97630310058594,-66.98471069335938
IMG5000_5,-5.426851749420166,14.071900367736816
IMG5001_1,37.94750213623047,-19.78999900817871
IMG5002_3,16.845041275024414,-3.4961118698120117
IMG5003_5,23.213136672973633,-18.591720581054688
IMG5004_4,51.96742248535156,-7.418267250061035
IMG5005_5,-87.4690170288086,96.54335021972656
IMG5006_3,-84.51933288574219,29.370954513549805
IMG5007_5,-82.57655334472656,50.20441436767578
IMG5008_3,4.847558498382568,37.587181091308594
IMG5009_3,-92.8673095703125,13.915939331054688
IMG5010_1,15.269639015197754,13.163681983947754
IMG5011_2,-75.97593688964844,48.89802932739258
IMG5012_2,4.603161334991455,-61.286766052246094
IMG5013_4,56.37370300292969,-36.50590515136719
IMG5014_2,57.06108856201172,-3.761909008026123
IMG5015_4,32.2801628112793,-2.266596794128418
IMG5016_3,-153.70204162597656,104.45280456542969
IMG5017_3,55.85033416748047,-29.990909576416016
IMG5018_3,-43.970306396484375,61.40680694580078
IMG5019_2,39.799739837646484,-42.545692443847656
IMG5020_3,-82.10834503173828,106.906005859375
IMG5021_1,47.95231628417969,-20.250368118286133
IMG5022_5,2.9688446521759033,10.012589454650879
IMG5023_4,-31.249950408935547,27.68638038635254
IMG5024_5,61.32938766479492,-39.25593566894531
IMG5025_5,-13.460275650024414,52.240726470947266
IMG5026_5,52.55433654785156,-20.57048797607422
IMG5027_5,24.614425659179688,-12.580082893371582
IMG5028_5,38.628746032714844,-20.617115020751953
IMG5029_1,56.619571685791016,-22.254640579223633
IMG5030_2,9.030646324157715,-15.83479118347168
IMG5031_3,-10.130556106567383,18.023035049438477
IMG5032_2,-80.87065887451172,78.20195770263672
IMG5033_2,-47.88157653808594,18.60696029663086
IMG5034_5,-93.47126007080078,62.2862548828125
IMG5035_3,61.36882400512695,-21.69487953186035
IMG5036_3,10.12911605834961,28.561323165893555
IMG5037_5,-69.51194763183594,36.613136291503906
IMG5038_1,30.071102142333984,-122.40367126464844
IMG5039_3,-68.9802017211914,73.30116271972656
IMG5040_3,-42.40797424316406,44.665164947509766
IMG5041_1,-51.158042907714844,42.81624221801758
IMG5042_2,28.887531280517578,-10.593297958374023
IMG5043_1,26.32879638671875,-21.311527252197266
IMG5044_1,7.045366287231445,-7.371865272521973
IMG5045_4,40.13349914550781,-9.978353500366211
IMG5046_1,75.74984741210938,-85.35735321044922
IMG5047_3,21.36274528503418,11.82171630859375
IMG5048_2,56.337642669677734,-29.682161331176758
IMG5049_2,38.42466354370117,-39.86919403076172
IMG5050_1,16.509830474853516,63.12025451660156
IMG5051_5,-73.48829650878906,35.20035934448242
IMG5052_4,42.15922164916992,-15.63870906829834
IMG5053_3,9.233434677124023,-55.77812576293945
IMG5054_2,20.015195846557617,-33.734798431396484
IMG5055_4,50.86497497558594,-3.1227025985717773
IMG5056_4,65.46562194824219,-62.01144027709961
IMG5057_4,58.90885925292969,0.5422753691673279
IMG5058_4,68.15943145751953,-59.68037033081055
IMG5059_1,43.79865646362305,-9.501264572143555
IMG5060_3,23.812231063842773,-3.2812700271606445
IMG5061_1,-94.98796081542969,52.035362243652344
IMG5062_2,-82.53338623046875,100.95542907714844
IMG5063_3,-125.3977279663086,122.74765014648438
IMG5064_3,42.283241271972656,-37.872215270996094
IMG5065_3,24.428451538085938,-75.90736389160156
IMG5066_4,-10.827644348144531,17.860586166381836
IMG5067_4,-64.6312026977539,135.3143310546875
IMG5068_3,-56.32361602783203,59.10227966308594
IMG5069_4,28.44821548461914,-35.58149337768555
IMG5070_3,32.495304107666016,-33.516605377197266
IMG5071_2,35.214698791503906,-1.8935918807983398
IMG5072_4,-40.669776916503906,54.615203857421875
IMG5073_5,5.847550392150879,40.48646926879883
IMG5074_4,22.79351234436035,12.91579818725586
IMG5075_3,-49.68841552734375,28.39312171936035
IMG5076_2,-43.140037536621094,11.18112564086914
IMG5077_3,48.67206573486328,-44.660804748535156
IMG5078_2,38.659820556640625,-28.511240005493164
IMG5079_5,19.574844360351562,-66.04283142089844
IMG5080_5,-8.881041526794434,22.399457931518555
IMG5081_5,21.150535583496094,-26.06569480895996
IMG5082_3,-40.29331588745117,53.767356872558594
IMG5083_1,31.97891616821289,38.634971618652344
IMG5084_3,45.077110290527344,-36.13800811767578
IMG5085_2,-37.41740417480469,2.949437141418457
IMG5086_1,-70.66424560546875,92.57609558105469
IMG5087_5,57.032100677490234,-36.99202346801758
IMG5088_1,-3.241534471511841,30.01838493347168
IMG5089_1,2.4833643436431885,-6.605236053466797
IMG5090_1,-144.7898712158203,95.76258850097656
IMG5091_4,53.91069793701172,-30.259157180786133
IMG5092_2,-29.845687866210938,39.49302673339844
IMG5093_5,-2.8545191287994385,29.966291427612305
IMG5094_4,-91.18714904785156,70.13803100585938
IMG5095_4,29.087627410888672,2.744765281677246
IMG5096_4,31.254085540771484,-39.033851623535156
IMG5097_1,40.732421875,-54.998558044433594
IMG5098_1,36.03681182861328,3.087791919708252
IMG5099_5,-34.561702728271484,13.585601806640625
IMG5100_5,-43.17073059082031,-20.48884391784668
IMG5101_5,49.357582092285156,-4.980443954467773
IMG5102_3,-7.199556350708008,4.4516096115112305
IMG5103_4,17.96210289001465,2.7883095741271973
IMG5104_5,50.41719055175781,-50.16813659667969
IMG5105_5,-38.715240478515625,31.762662887573242
IMG5106_1,-205.2376708984375,108.73199462890625
IMG5107_5,73.59638214111328,-80.98753356933594
IMG5108_5,-9.920382499694824,40.96504592895508
IMG5109_3,-74.49192810058594,56.56330871582031
IMG5110_3,70.05875396728516,-51.6515998840332
IMG5111_2,17.330904006958008,7.993014335632324
IMG5112_5,45.6445426940918,18.2311954498291
IMG5113_4,39.65901565551758,-1.9469547271728516
IMG5114_1,-42.99622344970703,22.969945907592773
IMG5115_1,22.827850341796875,-36.11736297607422
IMG5116_3,23.031587600708008,-92.98536682128906
IMG5117_4,22.038293838500977,-58.9262809753418
IMG5118_1,2.24560284614563,11.164098739624023
IMG5119_1,-58.70060729980469,96.64112854003906
IMG5120_4,45.291622161865234,-30.852439880371094
IMG5121_4,23.835052490234375,-0.25132662057876587
IMG5122_5,6.6573286056518555,-26.083417892456055
IMG5123_2,33.45590591430664,36.592864990234375
IMG5124_3,74.09750366210938,-64.7596206665039
IMG5125_2,-100.26899719238281,81.01423645019531
IMG5126_3,-72.08577728271484,76.40309143066406
IMG5127_2,61.49923324584961,-23.276201248168945
IMG5128_2,41.96907043457031,-50.41551971435547
IMG5129_5,5.305513381958008,-23.87595558166504
IMG5130_5,20.236221313476562,22.866994857788086
IMG5131_3,0.4987565577030182,5.522662162780762
IMG5132_4,25.097797393798828,19.950157165527344
IMG5133_2,12.134603500366211,47.295631408691406
IMG5134_2,-74.71916961669922,46.31962585449219
IMG5135_5,24.525222778320312,-17.021379470825195
IMG5136_5,21.51896095275879,-34.112117767333984
IMG5137_1,-76.18064880371094,35.19471740722656
IMG5138_4,76.39146423339844,-31.473373413085938
IMG5139_1,41.586036682128906,12.01285171508789
IMG5140_5,-10.779210090637207,14.435676574707031
IMG5141_2,48.64440155029297,-36.01657485961914
IMG5142_2,39.160648345947266,-22.030418395996094
IMG5143_5,-10.521252632141113,13.032636642456055
IMG5144_4,34.10272216796875,8.280374526977539
IMG5145_3,-15.328632354736328,-17.423337936401367
IMG5146_3,25.385658264160156,21.160547256469727
IMG5147_1,90.27664184570312,-54.533226013183594
IMG5148_2,-54.28229522705078,45.875465393066406
IMG5149_3,47.87888717651367,-51.07867431640625
IMG5150_1,-3.8419339656829834,5.042697906494141
IMG5151_1,55.832489013671875,-23.019119262695312
IMG5152_3,63.17182540893555,-20.887348175048828
IMG5153_3,37.23248291015625,3.085582733154297
IMG5154_5,5.668697357177734,71.60385131835938
IMG5155_1,39.988773345947266,11.025799751281738
IMG5156_3,-16.736404418945312,-0.5540867447853088
IMG5157_5,47.29681396484375,-34.30278396606445
IMG5158_1,38.86459732055664,-16.004358291625977
IMG5159_4,-8.232529640197754,33.49284362792969
IMG5160_5,-7.116700172424316,16.077232360839844
IMG5161_4,31.45012664794922,21.74197006225586
IMG5162_3,35.09944152832031,-26.99236297607422
IMG5163_4,58.33893585205078,-75.16236877441406
IMG5164_1,34.02799987792969,-47.17999267578125
IMG5165_1,7.61682653427124,-10.759432792663574
IMG5166_1,13.312644004821777,37.441959381103516
IMG5167_5,65.26263427734375,-19.49482536315918
IMG5168_3,32.34781265258789,-40.447540283203125
IMG5169_2,-7.979317665100098,20.477468490600586
IMG5170_5,-89.74308013916016,30.157302856445312
IMG5171_3,13.556453704833984,-28.89839744567871
IMG5172_4,4.1595258712768555,1.046043872833252
IMG5173_3,-4.036806106567383,0.11596865952014923
IMG5174_5,56.99531936645508,-64.36566925048828
IMG5175_2,21.6938419342041,3.3500428199768066
IMG5176_3,-59.13108825683594,35.785621643066406
IMG5177_1,7.983606338500977,42.83879089355469
IMG5178_3,-48.873016357421875,29.442228317260742
IMG5179_1,18.974700927734375,10.79850959777832
IMG5180_4,19.690082550048828,-5.289074897766113
IMG5181_2,-5.353906631469727,59.25243377685547
IMG5182_1,14.412331581115723,-62.467071533203125
IMG5183_1,-111.56297302246094,58.17374038696289
IMG5184_1,37.191776275634766,-27.48969841003418
IMG5185_3,22.81513023376465,38.33897018432617
IMG5186_5,-99.70516967773438,73.86841583251953
IMG5187_2,-86.26368713378906,40.57895278930664
IMG5188_2,-114.22792053222656,129.5576934814453
IMG5189_3,45.51190185546875,3.919400215148926
IMG5190_3,42.43393325805664,-6.506990909576416
IMG5191_4,60.7559928894043,-18.71616554260254
IMG5192_3,17.629680633544922,-4.9932637214660645
IMG5193_5,-10.727225303649902,-12.141071319580078
IMG5194_1,-15.601785659790039,6.52542781829834
IMG5195_5,-31.612258911132812,-4.010250091552734
IMG5196_5,-23.92253875732422,12.921163558959961
IMG5197_3,56.52388381958008,-46.37472152709961
IMG5198_2,-160.3479461669922,0.2276572734117508
IMG5199_5,17.78545379638672,1.2180061340332031
IMG5200_2,50.30414962768555,5.296457290649414
IMG5201_5,11.187684059143066,5.421953201293945
IMG5202_5,24.4273738861084,-3.1179943084716797
IMG5203_5,62.11111831665039,-90.03868103027344
IMG5204_2,61.8175048828125,-95.34901428222656
IMG5205_3,-10.064774513244629,35.74517059326172
IMG5206_2,15.863414764404297,22.511323928833008
IMG5207_1,-35.848018646240234,13.49380874633789
IMG5208_3,29.1932430267334,-7.40012264251709
IMG5209_4,39.41297149658203,-3.3684043884277344
IMG5210_1,27.429136276245117,12.396247863769531
IMG5211_1,-31.293861389160156,67.3131332397461
IMG5212_2,-11.944168090820312,32.2064094543457
IMG5213_5,36.4029655456543,-55.42578887939453
IMG5214_4,25.673076629638672,17.092430114746094
IMG5215_1,-154.0359649658203,66.83064270019531
IMG5216_4,-90.2200927734375,29.672321319580078
IMG5217_1,18.244197845458984,-11.043855667114258
IMG5218_4,-11.877506256103516,33.61811065673828
IMG5219_5,-92.23129272460938,99.7137451171875
IMG5220_3,61.27833557128906,-5.794183731079102
IMG5221_4,33.51106643676758,-29.12120246887207
IMG5222_3,-16.627365112304688,22.730905532836914
IMG5223_5,-80.23677062988281,57.71025848388672
IMG5224_5,-1.3334921598434448,5.93341064453125
IMG5225_2,-3.634838342666626,36.51573181152344
IMG5226_4,-97.10971069335938,94.6529541015625
IMG5227_3,80.91851806640625,-37.41437911987305
IMG5228_1,86.8757553100586,-64.71650695800781
IMG5229_1,49.59857940673828,-43.52526092529297
IMG5230_1,-105.72711181640625,24.648340225219727
IMG5231_3,25.426626205444336,35.33495330810547
IMG5232_2,-26.37761688232422,44.3634033203125
IMG5233_2,4.671494483947754,2.928245782852173
IMG5234_3,-7.831825256347656,-19.410051345825195
IMG5235_4,27.243579864501953,-24.7303409576416
IMG5236_4,-50.20343017578125,22.82948112487793
IMG5237_1,50.77913284301758,-13.011356353759766
IMG5238_2,10.65027904510498,-15.258237838745117
IMG5239_3,-67.84404754638672,35.1801643371582
IMG5240_4,38.353057861328125,-45.41289138793945
IMG5241_5,-96.239501953125,62.5695915222168
IMG5242_4,14.176992416381836,0.3110050559043884
IMG5243_3,121.01578521728516,-87.50857543945312
IMG5244_3,-29.37903594970703,42.89881896972656
IMG5245_1,39.0706787109375,-31.268278121948242
IMG5246_4,51.53847122192383,-31.033695220947266
IMG5247_3,33.00259017944336,-16.12994956970215
IMG5248_3,-2.403860330581665,18.66545295715332
IMG5249_2,51.1081428527832,-57.59938049316406
IMG5250_1,42.63116455078125,16.155641555786133
IMG5251_3,1.1525994539260864,-1.2639808654785156
IMG5252_5,3.5344202518463135,-2.410022735595703
IMG5253_5,-80.24571228027344,74.47789764404297
IMG5254_5,52.45706558227539,4.589752674102783
IMG5255_5,-39.70077133178711,61.15154266357422
IMG5256_2,37.99747848510742,-12.763772010803223
IMG5257_1,49.667510986328125,-64.6349105834961
IMG5258_2,20.828800201416016,-63.070098876953125
IMG5259_1,-89.59803009033203,23.540266036987305
IMG5260_4,-35.94667053222656,40.769248962402344
IMG5261_1,-39.79508972167969,67.95445251464844
IMG5262_2,46.513099670410156,-33.35504150390625
IMG5263_2,37.186729431152344,-18.140167236328125
IMG5264_4,-118.53675842285156,67.85894775390625
IMG5265_2,-63.998687744140625,78.81192016601562
IMG5266_5,21.19237518310547,5.5436835289001465
IMG5267_1,-163.23736572265625,139.90699768066406
IMG5268_4,-50.217529296875,46.686729431152344
IMG5269_3,50.51728820800781,-16.80385398864746
IMG5270_5,9.206052780151367,22.09266471862793
IMG5271_4,52.24346923828125,-6.182562351226807
IMG5272_1,-0.9459847211837769,-8.817209243774414
IMG5273_3,-33.1051139831543,-15.111177444458008
IMG5274_2,15.192679405212402,27.361679077148438
IMG5275_4,-20.85849380493164,50.518699645996094
IMG5276_2,-32.077491760253906,59.85145950317383
IMG5277_3,120.67195129394531,-134.6939697265625
IMG5278_5,31.684934616088867,-44.0544319152832
IMG5279_5,27.51198959350586,-24.504911422729492
IMG5280_1,-84.85237121582031,47.20097351074219
IMG5281_1,43.98422622680664,-68.81773376464844
IMG5282_1,35.74932098388672,-15.724319458007812
IMG5283_5,52.61692428588867,-23.268098831176758
IMG5284_3,55.15284729003906,-6.871730327606201
IMG5285_1,13.022003173828125,3.5289573669433594
IMG5286_3,59.443084716796875,-22.21455192565918
IMG5287_3,23.52031898498535,15.303574562072754
IMG5288_5,24.756532669067383,18.2297306060791
IMG5289_2,58.08374786376953,-33.47052764892578
IMG5290_2,-4.091029167175293,42.072200775146484
IMG5291_2,38.74122619628906,-13.1675386428833
IMG5292_5,-106.05633544921875,85.29525756835938
IMG5293_3,36.93770980834961,-2.1982803344726562
IMG5294_1,45.41075897216797,-25.829198837280273
IMG5295_5,2.8792173862457275,-18.417299270629883
IMG5296_2,-111.525146484375,148.69235229492188
IMG5297_5,64.3332748413086,-45.78582763671875
IMG5298_5,13.166526794433594,-80.00941467285156
IMG5299_4,45.17433547973633,-16.914262771606445
IMG5300_2,1.241200566291809,-29.79525375366211
IMG5301_4,30.996971130371094,51.519775390625
IMG5302_3,-108.05867767333984,95.34854888916016
IMG5303_5,17.597782135009766,-5.4849042892456055
IMG5304_4,-145.48451232910156,123.56858825683594
IMG5305_5,60.93868637084961,7.631468772888184
IMG5306_3,9.301285743713379,6.372406005859375
IMG5307_5,-8.25629997253418,-16.739316940307617
IMG5308_2,20.62403106689453,-45.79269027709961
IMG5309_2,33.88743591308594,9.485027313232422
IMG5310_2,16.159610748291016,-26.190032958984375
IMG5311_3,37.819664001464844,-43.74994659423828
IMG5312_4,41.607200622558594,-20.12248992919922
IMG5313_4,52.830909729003906,-19.73158836364746
IMG5314_5,-25.638566970825195,21.669231414794922
IMG5315_2,20.384584426879883,4.132111549377441
IMG5316_1,-97.68937683105469,80.14395904541016
IMG5317_1,-19.35236358642578,-14.907780647277832
IMG5318_3,71.76200103759766,-81.59111022949219
IMG5319_1,33.403194427490234,16.898900985717773
IMG5320_2,48.339683532714844,0.23546786606311798
IMG5321_2,66.03124237060547,-53.59870910644531
IMG5322_4,36.97676086425781,-6.875059127807617
IMG5323_3,-125.92266845703125,104.27699279785156
IMG5324_5,31.060291290283203,-21.33705711364746
IMG5325_4,27.668163299560547,-58.31166076660156
IMG5326_5,-27.45233154296875,21.277130126953125
IMG5327_3,3.3410723209381104,-62.03822326660156
IMG5328_1,-75.1659927368164,94.11890411376953
IMG5329_1,-23.24161720275879,53.92041778564453
IMG5330_3,25.149778366088867,-20.85641098022461
IMG5331_1,-23.664974212646484,24.697477340698242
IMG5332_1,31.789104461669922,8.42706298828125
IMG5333_2,21.001575469970703,-17.26416778564453
IMG5334_3,62.49833297729492,-56.289154052734375
IMG5335_2,-9.594476699829102,-74.41443634033203
IMG5336_5,-98.60196685791016,53.63945388793945
IMG5337_1,39.50261688232422,12.240240097045898
IMG5338_4,70.72477722167969,-50.71742630004883
IMG5339_1,49.29471969604492,-45.70930480957031
IMG5340_2,-45.613128662109375,17.091318130493164
IMG5341_4,-33.626956939697266,36.639503479003906
IMG5342_2,-221.24900817871094,111.64425659179688
IMG5343_2,24.385578155517578,-19.618331909179688
IMG5344_5,21.38768768310547,-31.051420211791992
IMG5345_2,-49.25194549560547,43.47337341308594
IMG5346_1,-147.0292510986328,135.34906005859375
IMG5347_5,-97.03946685791016,90.64295959472656
IMG5348_4,-1.0518654584884644,0.6652440428733826
IMG5349_3,12.819171905517578,28.524442672729492
IMG5350_1,5.198159694671631,67.53070831298828
IMG5351_3,-57.95744323730469,9.281463623046875
IMG5352_5,6.736618995666504,25.366418838500977
IMG5353_1,55.177223205566406,-36.30719757080078
IMG5354_4,38.525657653808594,-50.635498046875
IMG5355_5,65.5127182006836,-35.99022674560547
IMG5356_3,5.838590621948242,-10.686237335205078
IMG5357_2,30.95342254638672,17.52455711364746
IMG5358_5,-81.93177032470703,52.05487060546875
IMG5359_5,43.00404357910156,-5.56231689453125
IMG5360_5,6.956832408905029,26.32320785522461
IMG5361_1,-10.842216491699219,-31.88797378540039
IMG5362_2,64.33726501464844,-56.006141662597656
IMG5363_1,-15.986295700073242,-6.309258460998535
IMG5364_1,-176.3260040283203,162.47781372070312
IMG5365_4,-54.44954299926758,24.42460823059082
IMG5366_4,14.94593620300293,-19.239707946777344
IMG5367_4,-20.700712203979492,-9.134183883666992
IMG5368_2,-57.21048355102539,21.82218360900879
IMG5369_2,40.278106689453125,-37.80812072753906
IMG5370_2,-66.05957794189453,9.120626449584961
IMG5371_2,59.67091751098633,-67.11276245117188
IMG5372_5,39.88996124267578,0.8206652998924255
IMG5373_4,-89.18040466308594,103.23757934570312
IMG5374_4,14.96534538269043,10.19410228729248
IMG5375_4,29.15618896484375,-29.79829978942871
IMG5376_2,70.90126037597656,-30.56509780883789
IMG5377_4,26.77163314819336,5.424648284912109
IMG5378_1,35.12900161743164,-28.2048282623291
IMG5379_5,-79.5086898803711,70.84268188476562
IMG5380_1,21.437780380249023,-58.31705856323242
IMG5381_3,-47.45164108276367,45.21446228027344
IMG5382_2,44.47484588623047,-10.694026947021484
IMG5383_1,3.2191197872161865,-16.15342903137207
IMG5384_4,51.74147033691406,-15.754999160766602
IMG5385_2,40.19339370727539,-35.30088806152344
IMG5386_2,2.857527017593384,-11.090011596679688
IMG5387_2,86.02777099609375,-49.746910095214844
IMG5388_3,69.31069946289062,13.268962860107422
IMG5389_2,20.93301773071289,15.197343826293945
IMG5390_4,-116.03514862060547,30.750253677368164
IMG5391_4,-85.901611328125,107.96400451660156
IMG5392_1,73.47676849365234,-86.59803009033203
IMG5393_2,53.468353271484375,49.70220947265625
IMG5394_3,-55.07349395751953,5.885234832763672
IMG5395_1,61.86949920654297,-13.143281936645508
IMG5396_2,16.092967987060547,5.633665084838867
IMG5397_3,3.6181957721710205,11.73919677734375
IMG5398_4,33.019554138183594,9.501429557800293
IMG5399_4,23.392112731933594,-13.059350967407227
IMG5400_3,48.531620025634766,-107.04329681396484
IMG5401_5,95.76123809814453,-49.537410736083984
IMG5402_5,57.26878356933594,-18.24070167541504
IMG5403_1,-15.39995002746582,22.885759353637695
IMG5404_4,-122.26801300048828,72.9129638671875
IMG5405_5,57.26399230957031,-25.177621841430664
IMG5406_2,-31.925636291503906,1.5161488056182861
IMG5407_2,14.303791046142578,17.11678123474121
IMG5408_2,56.31983947753906,-33.450462341308594
IMG5409_2,-114.32237243652344,98.14668273925781
IMG5410_1,34.54629898071289,-16.91436004638672
IMG5411_4,-21.931791305541992,4.01078462600708
IMG5412_4,17.051830291748047,-72.75029754638672
IMG5413_4,15.240856170654297,38.991737365722656
IMG5414_2,16.961698532104492,-9.335163116455078
IMG5415_4,28.93269157409668,-48.04270935058594
IMG5416_5,13.012393951416016,32.7106819152832
IMG5417_3,-53.43809509277344,6.632851600646973
IMG5418_4,46.312618255615234,-49.455116271972656
IMG5419_4,-29.819385528564453,-4.580089569091797
IMG5420_1,26.24648666381836,3.072934150695801
IMG5421_4,49.77313232421875,-37.755531311035156
IMG5422_1,43.236305236816406,-25.040122985839844
IMG5423_3,-28.237184524536133,2.7232532501220703
IMG5424_4,36.59693145751953,-12.63043212890625
IMG5425_4,45.28578567504883,-36.39113998413086
IMG5426_5,-16.483684539794922,-50.5683708190918
IMG5427_1,11.718246459960938,0.9568442702293396
IMG5428_2,27.162385940551758,3.0491414070129395
IMG5429_3,52.28029251098633,-25.582292556762695
IMG5430_3,12.740763664245605,-15.391324996948242
IMG5431_3,-98.19519805908203,94.59376525878906
IMG5432_1,33.167667388916016,-2.475600242614746
IMG5433_4,27.659624099731445,-10.657547950744629
IMG5434_1,26.150375366210938,-14.255443572998047
IMG5435_1,33.310813903808594,15.327635765075684
IMG5436_3,-19.910648345947266,32.860008239746094
IMG5437_3,28.169822692871094,-24.209535598754883
IMG5438_3,-60.98567581176758,72.44799041748047
IMG5439_2,6.449643135070801,-35.03694152832031
IMG5440_1,1.2844048738479614,46.73578643798828
IMG5441_2,-28.70555305480957,27.573116302490234
IMG5442_1,45.71510696411133,-12.940155029296875
IMG5443_3,85.64646911621094,-75.94703674316406
IMG5444_3,53.555931091308594,-22.66849708557129
IMG5445_4,51.652191162109375,-10.077272415161133
IMG5446_1,48.11114501953125,-36.81337356567383
IMG5447_3,-122.2845687866211,131.4243927001953
IMG5448_5,-32.92127990722656,6.006839752197266
IMG5449_1,59.29217529296875,-11.738012313842773
IMG5450_5,28.493255615234375,-62.22911834716797
IMG5451_3,10.38998794555664,24.58976173400879
IMG5452_3,76.45753479003906,-48.94194030761719
IMG5453_1,42.3348274230957,-8.978628158569336
IMG5454_4,-31.098804473876953,54.48655700683594
IMG5455_3,40.73937225341797,-25.355445861816406
IMG5456_3,-20.467754364013672,-20.94809341430664
IMG5457_3,37.40703582763672,7.377572059631348
IMG5458_5,-56.93861770629883,81.04112243652344
IMG5459_5,-76.28641510009766,24.695539474487305
IMG5460_4,29.917160034179688,14.343337059020996
IMG5461_4,4.016086578369141,-61.296749114990234
IMG5462_4,40.074256896972656,1.9132423400878906
IMG5463_2,16.380695343017578,-4.881994247436523
IMG5464_3,-136.36521911621094,128.919677734375
IMG5465_2,-0.17817005515098572,-39.96542739868164
IMG5466_2,40.99730682373047,-69.75957489013672
IMG5467_2,43.690025329589844,-29.584665298461914
IMG5468_1,-42.513694763183594,12.017056465148926
IMG5469_2,19.63884735107422,-18.082977294921875
IMG5470_3,1.3002005815505981,6.989670753479004
IMG5471_2,23.882652282714844,-52.63541030883789
IMG5472_4,-136.01849365234375,97.38236236572266
IMG5473_1,60.33682632446289,-35.933563232421875
IMG5474_1,24.131921768188477,15.842069625854492
IMG5475_5,16.86327362060547,30.675901412963867
IMG5476_2,40.86347198486328,-16.82085609436035
IMG5477_5,-0.2714594304561615,-3.368989944458008
IMG5478_4,-134.5530242919922,62.72835922241211
IMG5479_5,-98.30868530273438,55.049415588378906
IMG5480_4,-32.95075225830078,17.743844985961914
IMG5481_2,61.431617736816406,-33.74559783935547
IMG5482_1,-65.0295181274414,75.70015716552734
IMG5483_2,45.92633819580078,-12.370505332946777
IMG5484_4,-123.34210205078125,62.74666976928711
IMG5485_3,45.39354705810547,-34.12493896484375
IMG5486_2,30.671499252319336,-12.891744613647461
